topic_id,group_id,group
0,1,Australian Politics
1,4,Climate Science
2,3,International Climate Policy
3,6,Energy Transition & Technology
4,6,Energy Transition & Technology
5,5,Physical & Ecological Impacts
6,2,Carbon Pricing & Domestic Climate Policy
7,1,Australian Politics
8,2,Carbon Pricing & Domestic Climate Policy
9,2,Carbon Pricing & Domestic Climate Policy
10,8,Regional & International Politics
11,1,Australian Politics
12,1,Australian Politics
13,6,Energy Transition & Technology
14,5,Physical & Ecological Impacts
15,1,Australian Politics
16,5,Physical & Ecological Impacts
17,4,Climate Science
18,1,Australian Politics
19,2,Carbon Pricing & Domestic Climate Policy
20,2,Carbon Pricing & Domestic Climate Policy
21,1,Australian Politics
22,3,International Climate Policy
23,7,Culture Media & Society
24,1,Australian Politics
25,1,Australian Politics
26,1,Australian Politics
27,6,Energy Transition & Technology
28,7,Culture Media & Society
29,8,Regional & International Politics
30,1,Australian Politics
31,7,Culture Media & Society
32,7,Culture Media & Society
