topic_id,label,count,keywords,rep_titles
-1,-1_trump_biden_america_elected,4503,"['trump', 'biden', 'america', 'elected', 'polls', 'voters', 'summit', 'electorate', 'spokesman', 'oil']",[Outlier cluster]
0,0_anthony albanese_albanese_labor party_keating,724,"['anthony albanese', 'albanese', 'labor party', 'keating', 'electoral', 'alp', 'labour', 'biden', 'aukus', 'strategic']",most important state. | Turnbull's path to triumph | The new order - When you find out who your real friends are
1,1_greenhouse gases_ipcc report_meteorology_ipcc,495,"['greenhouse gases', 'ipcc report', 'meteorology', 'ipcc', 'temperature rise', 'bureau meteorology', 'carbon dioxide', 'co2', 'scientists', 'gas emissions']","backed up by even stronger evidence. | planet. | increased droughts, bushfires, heatwaves, acid oceans, rising sea levels and flash floods."
2,2_kyoto protocol_kyoto_emissions trading_greenhouse gases,428,"['kyoto protocol', 'kyoto', 'emissions trading', 'greenhouse gases', 'greenhouse emissions', 'reduce emissions', 'paris agreement', 'cut emissions', 'united nations', 'developing nations']",Sino-US climate deal to further shame Australia | hawks would like but the G7 meeting in Britain was a good start in building a more united front. | compromising the political neutrality of the Crown.
3,3_electricity prices_electricity market_energy market_energy policy,403,"['electricity prices', 'electricity market', 'energy market', 'energy policy', 'power prices', 'renewables', 'electricity grid', 'national electricity', 'clean energy', 'electricity']","gas is the right way to transition to renewable energy is far from settled. | about its approach. | says solar is the new king of electricity, but better planning is needed."
4,4_coal exports_coal industry_coal power_thermal coal,295,"['coal exports', 'coal industry', 'coal power', 'thermal coal', 'clean coal', 'coal fired', 'coalmining', 'burning coal', 'carbon capture', 'fossil fuel']","long-term role to play in Australia's energy transition. | long-term role to play in Australia's energy transition. | fossil fuels, change is afoot."
5,5_bushfires_bushfire season_bushfire_heatwaves,259,"['bushfires', 'bushfire season', 'bushfire', 'heatwaves', 'reduction burning', 'fires', 'prescribed burning', 'natural disasters', 'drought', 'flames']",how perilous that was. | warming. | be done to prepare is in train.
6,6_carbon pricing_pricing carbon_carbon price_labor greens,237,"['carbon pricing', 'pricing carbon', 'carbon price', 'labor greens', 'repeal carbon', 'price carbon', 'introduce carbon', 'carbon pollution', 'emissions trading', 'greens']",Power struggle raises fears over green credentials | Mr X holds the power and wields it his way | NATION
7,7_anthony albanese_albanese labor_labor party_albanese,231,"['anthony albanese', 'albanese labor', 'labor party', 'albanese', 'election campaign', 'morrison', 'labor leader', '2019 election', 'labour', 'keating']","higher education. | Minister Jacinda Ardern has a unique advantage going into Saturday's election. | clearly setting its own. Labor, under Anthony Albanese, is failing that test."
8,8_emissions 2030_emissions 2050_zero emissions_emissions reduction,195,"['emissions 2030', 'emissions 2050', 'zero emissions', 'emissions reduction', 'reduce emissions', 'national party', 'morrison', 'zero carbon', 'net emissions', 'scott morrison']",consumer and reach across the aisle. | Europe and Asia. | important than the huge change in climate change policy in the White House.
9,9_carbon pricing_emissions trading_emissions reduction_carbon trading,151,"['carbon pricing', 'emissions trading', 'emissions reduction', 'carbon trading', 'reducing emissions', 'reduce emissions', 'cut emissions', 'carbon pollution', 'carbon price', 'carbon market']",sense. | States sign on to carbon trading scheme | Oil will run out so we have to embrace new energy sources
10,10_obama speech_president obama_obama_barack obama,139,"['obama speech', 'president obama', 'obama', 'barack obama', 'barack', 'bush', 'presidential', 'presidency', 'mccain', 'obama administration']",some friends in very high places. | throws up challenges that Australia must address. | is to return to a normal style of government.
11,11_gillard rudd_rudd gillard_labor mps_labor party,138,"['gillard rudd', 'rudd gillard', 'labor mps', 'labor party', 'gillard labor', 'kevin rudd', 'labor leader', 'prime ministership', 'labor campaign', 'gillard prime']",connections and experience to do something positive for the Australian broader community. | Fractious leaders play an old tune | Parlour game that doomed the dream
12,12_rudd labor_howard rudd_kevin rudd_paul keating,136,"['rudd labor', 'howard rudd', 'kevin rudd', 'paul keating', 'labor party', 'keating', 'prime ministership', 'labor leader', 'mark latham', 'ministership']","Rudd, the lion who squeaked | The signs that tell you I am not John | OK, Kevin, this is what you must do"
13,13_nuclear industry_nuclear energy_nuclear power_nuclear reactors,127,"['nuclear industry', 'nuclear energy', 'nuclear power', 'nuclear reactors', 'nuclear plants', 'nuclear technology', 'nuclear plant', 'fukushima', 'nuclear fuel', 'nuclear debate']","comes to support or opposition, but many people think it's worth being investigated. | policy was so comprehensively rejected by voters that it is off the table permanently. | Nuclear failure has crowned clean energy"
14,14_coral reefs_reef danger_coral bleaching_reef 2050,114,"['coral reefs', 'reef danger', 'coral bleaching', 'reef 2050', 'coral reef', 'reefs', 'reef', 'barrier reef', 'corals', 'coral']",Abbott's harmful legacy lives on in climate silence | Report paints dismal environmental picture - Analysis | Mining for heritage votes may be won at heavy cost - ANALYSIS
15,15_abbott turnbull_leader turnbull_turnbull needs_abbott policies,108,"['abbott turnbull', 'leader turnbull', 'turnbull needs', 'abbott policies', 'dutton', 'prime ministers', 'peter dutton', 'prime ministership', 'liberal leader', 'labor party']","long-awaited memoir as sour grapes, but the book makes a broader point. | Turnbull is merely minding the store | Captain Turnbull sails into 'sensible' waters"
16,16_melbourne water_water policy_water plan_water licences,102,"['melbourne water', 'water policy', 'water plan', 'water licences', 'sydney water', 'water supply', 'catchment', 'basin plan', 'darling basin', 'basin authority']",Government all at sea on toxic algal bloom | Water supply can't keep up with growth | 1million new homes needed in Sydney - Exclusive
17,17_antarctic ice_sea ice_arctic sea_antarctic,84,"['antarctic ice', 'sea ice', 'arctic sea', 'antarctic', 'antarctic sea', 'glaciers', 'antarctica', 'antarctic division', 'arctic', 'ice data']",Game finally up for carboncrats | Antartica needs us to lead again | Column 8
18,18_turnbull leadership_support turnbull_challenge turnbull_turnbull yesterday,84,"['turnbull leadership', 'support turnbull', 'challenge turnbull', 'turnbull yesterday', 'liberal leadership', 'liberal leader', 'liberal mps', 'senate leader', 'coalition mps', 'kevin rudd']",How Turnbull's new role was ended before it even began | Pulp fiction a balm for voters | 'Vote to protect creation': plea from Rabbi to Wentworth - KEY BYELECTION | EXCLUSIVE
19,19_garnaut argues_garnaut report_emissions trading_greenhouse gases,78,"['garnaut argues', 'garnaut report', 'emissions trading', 'greenhouse gases', 'professor garnaut', 'capita emissions', 'cutting emissions', 'emissions growth', 'reduce emissions', 'economic adviser']","Nation must harness green boom - Climate Change Reform | Next trick: saving the planet | Canberra, take note: climate change is what terrifies us - ANALYSIS"
20,20_environment spokesman_emissions trading_greenhouse emissions_greenhouse gases,75,"['environment spokesman', 'emissions trading', 'greenhouse emissions', 'greenhouse gases', 'emission trading', 'kyoto protocol', 'national emissions', 'ratify kyoto', 'labor party', 'carbon trading']","environment and pro-free market. | Tim Flannery an idiot, says Costa - CLIMATE CHANGE | The 'R' word we didn't need - COMMENT - THE NATION"
21,21_turnbull yesterday_negotiate amendments_negotiations_emissions trading,74,"['turnbull yesterday', 'negotiate amendments', 'negotiations', 'emissions trading', 'senator wong', 'parliament resumes', 'senator minchin', 'nationals senate', 'senators', 'senate leader']",progress on climate change. | Time Bomb for Turnbull - Comment - Coalition split over deal | Turnbull tactics on emissions only delay the inevitable - COMMENT
22,22_pacific nations_pacific countries_pacific islands_pacific leaders,72,"['pacific nations', 'pacific countries', 'pacific islands', 'pacific leaders', 'pacific island', 'pacific islanders', 'micronesia', 'polynesia', 'south pacific', 'french polynesia']","Australia position as a trusted regional power in the Pacific. | strategic entity for Australia, has splintered in acrimony and we helped cause it. | Pacific Islands face triple threat"
23,23_abc journalists_abc news_abc_bbc abc,69,"['abc journalists', 'abc news', 'abc', 'bbc abc', 'national broadcaster', 'public broadcaster', 'media organisations', 'journalists', 'journalism', 'broadcaster']","controversial, is part of a university's purpose. | controversial, is part of a university's purpose. | complex but the process of discussing them if growing more impoverished."
24,24_labor mps_labor party_abbott shorten_rudd gillard,67,"['labor mps', 'labor party', 'abbott shorten', 'rudd gillard', 'labor leader', 'policy shorten', 'keating', 'election campaign', 'kevin rudd', '2016 election']",provided plenty of fodder for party elders Craig Emerson and Jay Weatherill to examine. | For the sake of all parties | plan - The two former Labor prime minister last shared a platform in 1991.
25,25_election abbott_abbott needs_abbott wants_rudd gillard,63,"['election abbott', 'abbott needs', 'abbott wants', 'rudd gillard', 'kevin rudd', 'keating', 'liberal leader', 'polling', 'electoral', 'politician']",Ring Tones: Abbott goes mobile in Warringah | Rudderless ship won't scrape by | The apprentice who let down the master
26,26_turnbull joyce_barnaby joyce_joyce nationals_joyce,63,"['turnbull joyce', 'barnaby joyce', 'joyce nationals', 'joyce', 'national party', 'morrison', 'nationals leader', 'liberal national', 'liberals nationals', 'mps']","of its traditional voters. | lessons of defeat it will be a very long road back to government. | Morrison government, Dominic Perrottet and Matt Kean deserve a big tick on climate change."
27,27_electric cars_electric vehicles_electric car_electric vehicle,62,"['electric cars', 'electric vehicles', 'electric car', 'electric vehicle', 'gas emissions', 'petrol cars', 'powered cars', 'diesel cars', 'car industry', 'car sales']",around the country are charging ahead with environmentally-friendly commitments. | at the forefront of battery-powered vehicle production – now we need the political will. | rendered redundant by a Sydney company offering the same discount to buyers.
28,28_children taught_curriculum_schoolchildren_young australians,61,"['children taught', 'curriculum', 'schoolchildren', 'young australians', 'teaching', 'education', 'reading', 'teachers', 'lessons', 'aboriginal']",developed countries. | Poor suffer most from effects of climate change - COMMENT | will all be dead before the next generation fully realises the hell we've left them?
29,29_asean_indonesia_asia pacific_southeast asia,60,"['asean', 'indonesia', 'asia pacific', 'southeast asia', 'asia', 'diplomacy', 'indonesians', 'foreign policy', 'foreign affairs', 'indonesian']","minded nations. | improved relations. He should be taken seriously but sceptically. | journalists are missing the point on China. No, we aren't."
30,30_election greens_greens leader_greens support_greens voters,56,"['election greens', 'greens leader', 'greens support', 'greens voters', 'greens vote', 'voters greens', 'greens policy', 'labor greens', 'greens', 'natale greens']",Political parties locked in death spiral | Nationals may lose second north coast seat | Out of the desert: Brown leads Greens to the promised land
31,31_economists_economies_recession_economist,55,"['economists', 'economies', 'recession', 'economist', 'young australians', 'unemployment', 'labour', 'gdp', 'reform', 'returning']",profit from a stable society have a role to play in helping carry Australia through this crisis. | outcomes. | against associated costs to mental health and the economy.
32,32_environmental economic_greenhouse gases_environmental costs_environmentally,55,"['environmental economic', 'greenhouse gases', 'environmental costs', 'environmentally', 'environmental problems', 'gdp', 'economists', 'economic accounts', 'natural resources', 'ecological']",Green shoots in economic growth - COMMENT | corks yet. | What we really need: more trees
